{"cameraMode":{"drawMode":0,"name":"Shaded","section":"Shading Mode"},"sceneLighting":false,"audioPlay":false,"sceneViewState":{"m_AlwaysRefresh":false,"showFog":true,"showSkybox":false,"showFlares":true,"showImageEffects":true,"showParticleSystems":true,"showVisualEffectGraphs":true,"m_FxEnabled":true},"in2DMode":false,"pivot":{"x":-0.14998209476470948,"y":0.1352558732032776,"z":2.5681402683258058},"rotation":{"x":-0.1994088888168335,"y":0.5066452622413635,"z":-0.12173602730035782,"w":-0.8298988342285156},"size":0.9528317451477051,"orthographic":false}